{
  "train_loss": [
    0.05972590428273635,
    0.0033575599030031614,
    0.0016936087951653967,
    0.0011437927038567826,
    0.0009152455863188066,
    0.0007163198776765117,
    0.0006060521314357899,
    0.0005555534061722433,
    0.0004929691260293389,
    0.00043641696786940785,
    0.000382612252324111,
    0.0003637276592397954,
    0.0003176459340334454,
    0.000295081004537254,
    0.0002645583472622079
  ],
  "train_acc": [
    99.09209450104774,
    99.92195734316134,
    99.95389650877146,
    99.96597784532834,
    99.97222681251293,
    99.97819804782266,
    99.9791701093847,
    99.98319722157032,
    99.98416928313237,
    99.98611340625646,
    99.98902959094261,
    99.98833526125543,
    99.98944618875491,
    99.99125144594157,
    99.9925012393785
  ],
  "val_loss": [
    0.006485226687800605,
    0.002692281870622537,
    0.0017589994233162543,
    0.001190993662277151,
    0.0010451808967246734,
    0.0010050728995167901,
    0.0007360511222138655,
    0.0006708129659003248,
    0.0005227926751985024,
    0.0005904325277423794,
    0.00048540062154955876,
    0.0006433179889304697,
    0.0004376614314178795,
    0.000414477348533282,
    0.0003827254055925877
  ],
  "val_acc": [
    99.85000000000001,
    99.88749999999999,
    99.925,
    99.95,
    99.9625,
    99.9625,
    99.9625,
    99.97500000000001,
    100.0,
    99.97500000000001,
    99.9875,
    99.9625,
    99.9875,
    99.9875,
    99.9875
  ],
  "val_auc": [
    0.9999895000000001,
    0.9999976875000001,
    0.99999875,
    0.9999995625,
    0.9999996875,
    0.9999996875,
    0.9999999375,
    1.0,
    1.0,
    1.0,
    1.0,
    1.0,
    0.9999999375,
    0.9999999375000002,
    1.0
  ],
  "val_ap": [
    0.9999895280235835,
    0.9999976903526591,
    0.9999987508577323,
    0.9999995627185938,
    0.9999996876717618,
    0.9999996876717618,
    0.9999999375156211,
    1.0,
    1.0,
    1.0,
    1.0,
    1.0,
    0.9999999375156211,
    0.9999999375156211,
    1.0
  ],
  "learning_rates": [
    0.0001,
    0.0001,
    0.0001,
    0.0001,
    0.0001,
    0.0001,
    0.0001,
    0.0001,
    0.0001,
    0.0001,
    0.0001,
    0.0001,
    0.0001,
    0.0001,
    0.0001
  ]
}