{
  "train_loss": [
    0.05826944975347788
  ],
  "train_acc": [
    99.1544453069562
  ],
  "val_loss": [
    0.005964082902210066
  ],
  "val_acc": [
    99.88749999999999
  ],
  "val_auc": [
    0.999992125
  ],
  "val_ap": [
    0.9999921415493113
  ],
  "learning_rates": [
    0.0001
  ]
}